ABT___Công ty Cổ phần Xuất nhập khẩu Thủy sản Bến Tre___1300376365___217___1020___Chế biến, bảo quản thuỷ sản và các sản phẩm từ thuỷ sản
ACL___Công ty Cổ phần Xuất nhập khẩu Thủy sản Cửu Long An Giang___1600680398___217___1020___Chế biến, bảo quản thuỷ sản và các sản phẩm từ thuỷ sản
ALP___Công ty Cổ phần Đầu tư Alphanam___0900191660___187___7020___Hoạt động tư vấn quản lý
ALT___Công ty Cổ phần Văn hóa Tân Bình___0301420079___256___3290___Sản xuất khác chưa được phân vào đâu
ANV___Công ty Cổ phần Nam Việt___1600168736___217___1020___Chế biến, bảo quản thuỷ sản và các sản phẩm từ thuỷ sản
ASP___Công ty Cổ phần Tập đoàn Dầu khí An Pha___0303224471___275___4661___Bán buôn nhiên liệu rắn, lỏng, khí và các sản phẩm liên quan
BBC___Công ty Cổ phần Bibica___3600363970___218___1071___Sản xuất các loại bánh từ bột
BBT___Công ty Cổ phần Bông Bạch Tuyết___0300715584___228___3290___Sản xuất khác chưa được phân vào đâu
BMC___Công ty Cổ phần Khoáng sản Bình Định___4100390008___166___0899___Khai khoáng khác chưa được phân vào đâu
BMP___Công ty Cổ phần Nhựa Bình Minh___0301464823___180___3290___Sản xuất khác chưa được phân vào đâu
BT6___Công ty Cổ phần BETON 6___3700364079___180___2395___Sản xuất bê tông và các sản phẩm từ xi măng và thạch cao
BTC___Công ty Cổ phần Cơ khí và Xây dựng Bình Triệu___0301888974___181___6810___Kinh doanh bất động sản, quyền sử dụng đất thuộc chủ sở hữu, chủ sử dụng hoặc đi thuê
CAN___Công ty Cổ phần Đồ hộp Hạ Long___0200344752___218___1010___Chế biến, bảo quản thịt và các sản phẩm từ thịt
CII___Công ty Cổ phần Đầu tư Hạ tầng Kỹ thuật TP.HCM___0302483177___181___4290___Xây dựng công trình kỹ thuật dân dụng khác
DCT___Công ty Cổ phần Tấm lợp Vật liệu Xây dựng Đồng Nai___3600475018___180___2395___Sản xuất bê tông và các sản phẩm từ xi măng và thạch cao
DHA___Công ty Cổ phần Hóa An___3600464464___180___0810___Khai thác đá, cát, sỏi, đất sét
DHG___Công ty Cổ phần Dược Hậu Giang___1800156801___238___2100___Sản xuất thuốc, hoá dược và dược liệu
DIC___Công ty Cổ phần Đầu tư và Thương mại DIC___0302979487___181___4663___Bán buôn vật liệu, thiết bị lắp đặt khác trong xây dựng
DMC___Công ty Cổ phần Xuất nhập khẩu Y tế DOMESCO___1400460395___238___2100___Sản xuất thuốc, hoá dược và dược liệu
DNP___Công ty Cổ phần Nhựa Đồng Nai___3600662561___180___2220___Sản xuất sản phẩm từ plastic
DPM___Tổng Công ty Cổ phần Phân bón và Hóa chất Dầu khí___0303165480___151___2012___Sản xuất phân bón và hợp chất ni tơ
DPR___Công ty Cổ phần Cao su Đồng Phú___3800100376___150___0125___Trồng cây cao su
DQC___Công ty Cổ phần Bóng đèn Điện Quang___0300363808___221___2310___Sản xuất thuỷ tinh và sản phẩm từ thuỷ tinh
DRC___Công ty Cổ phần Cao su Đà Nẵng___0400101531___213___2211___Sản xuất săm, lốp cao su; đắp và tái chế lốp cao su
DXP___Công ty Cổ phần Cảng Đoạn Xá___0200443827___193___5224___Bốc xếp hàng hóa
DXV___Công ty Cổ phần VICEM Vật liệu Xây dựng Đà Nẵng___0400101820___180___4663___Bán buôn vật liệu, thiết bị lắp đặt khác trong xây dựng
FBT___Công ty Cổ phần Xuất nhập khẩu Lâm Thủy Sản Bến Tre___1300102484___217___0322___Nuôi trồng thuỷ sản nội địa
FMC___Công ty Cổ phần Thực phẩm Sao Ta___2200208753___217___1020___Chế biến, bảo quản thuỷ sản và các sản phẩm từ thuỷ sản
FPC___Công ty Cổ phần Full Power___3700330471___181___4322___Lắp đặt hệ thống cấp, thoát nước, lò sưởi và điều hoà không khí
FPT___Công ty Cổ phần FPT___0101248141___310___6190___Hoạt động viễn thông khác
GIL___Công ty Cổ phần Sản xuất Kinh doanh Xuất nhập khẩu Bình Thạnh___0302181666___226___1512___Sản xuất vali, túi xách và các loại tương tự, sản xuất yên đệm
GMC___Công ty Cổ phần Garmex Sài Gòn___0300742387___226___1410___May trang phục (trừ trang phục từ da lông thú)
GMD___Công ty Cổ phần Gemadept___0301116791___193___4933___Vận tải hàng hóa bằng đường bộ
GTA___Công ty Cổ phần Chế biến Gỗ Thuận An___3700403867___155___3100___Sản xuất giường, tủ, bàn, ghế
HAS___Công ty Cổ phần Hacisco___0101116096___181___4290___Xây dựng công trình kỹ thuật dân dụng khác
HBC___Công ty Cổ phần Tập đoàn Xây dựng Hòa Bình___0302158498___181___4290___Xây dựng công trình kỹ thuật dân dụng khác
HDC___Công ty Cổ phần Phát triển Nhà Bà Rịa Vũng Tàu___3500444601___336___6810___Kinh doanh bất động sản, quyền sử dụng đất thuộc chủ sở hữu, chủ sử dụng hoặc đi thuê
HMC___Công ty Cổ phần Kim khí Thành phố Hồ Chí Minh - VNSTEEL___0300399360___159___4662___Bán buôn kim loại và quặng kim loại
HPG___Công ty Cổ phần Tập đoàn Hòa Phát___0900189284___159___2432___Đúc kim loại màu
HRC___Công ty Cổ phần Cao su Hòa Bình___3500657173___150___0125___Trồng cây cao su
HT1___Công ty Cổ phần Xi măng Hà Tiên 1___0301446422___180___2394___Sản xuất xi măng, vôi và thạch cao
HTV___Công ty Cổ phần Logistics Vicem___0301975289___194___5022___Vận tải hàng hóa đường thuỷ nội địa
IFS___Công ty Cổ phần Thực phẩm Quốc tế___3600245631___216___1104___Sản xuất đồ uống không cồn, nước khoáng
ITA___Công ty Cổ phần Đầu tư và Công nghiệp Tân Tạo___0302670307___336___6810___Kinh doanh bất động sản, quyền sử dụng đất thuộc chủ sở hữu, chủ sử dụng hoặc đi thuê
KDC___Công ty Cổ phần Tập đoàn KIDO___0302705302___218___4632___Bán buôn thực phẩm
KHA___Công ty Cổ phần Đầu tư và Dịch vụ Khánh Hội___0302251673___336___6810___Kinh doanh bất động sản, quyền sử dụng đất thuộc chủ sở hữu, chủ sử dụng hoặc đi thuê
KHP___Công ty Cổ phần Điện lực Khánh Hòa___4200601069___274___3511___Sản xuất điện
KMR___Công ty Cổ phần Mirae___3700393217___226___1323___Sản xuất thảm, chăn đệm
L10___Công ty Cổ phần Lilama 10___5400101273___189___4229___Xây dựng công trình công ích khác
LAF___Công ty Cổ phần Chế biến Hàng Xuất khẩu Long An___1100107301___218___1020___Chế biến, bảo quản thuỷ sản và các sản phẩm từ thuỷ sản
LBM___Công ty Cổ phần Khoáng sản và Vật liệu xây dựng Lâm Đồng___5800391633___180___4663___Bán buôn vật liệu, thiết bị lắp đặt khác trong xây dựng
LGC___Công ty Cổ phần Đầu tư Cầu đường CII___0300482241___187___4321___Lắp đặt hệ thống điện
LSS___Công ty Cổ phần Mía đường Lam Sơn___2800463346___218___1072___Sản xuất đường
MCP___Công ty Cổ phần In và Bao bì Mỹ Châu___0301671386___184___2599___Sản xuất sản phẩm khác bằng kim loại chưa được phân vào đâu
MHC___Công ty Cổ phần MHC___0100793715___194___5210___Kho bãi và lưu giữ hàng hóa
MPC___Công ty Cổ phần Tập đoàn Thủy sản Minh Phú___2000393273___217___1020___Chế biến, bảo quản thuỷ sản và các sản phẩm từ thuỷ sản
NAV___Công ty Cổ phần Nam Việt___5700473628___180___4661___Bán buôn nhiên liệu rắn, lỏng, khí và các sản phẩm liên quan
NHC___Công ty Cổ phần Gạch ngói Nhị Hiệp___3700358798___180___2392___Sản xuất vật liệu xây dựng từ đất sét
NTL___Công ty Cổ phần Phát triển Đô thị Từ Liêm___0101533886___336___6820___Tư vấn, môi giới, đấu giá bất động sản, đấu giá quyền sử dụng đất
PAC___Công ty Cổ phần Pin Ắc quy Miền Nam___0300405462___186___2720___Sản xuất pin và ắc quy
PET___Tổng Công ty Cổ phần Dịch vụ Tổng hợp Dầu khí___0300452060___253___4652___Bán buôn thiết bị và linh kiện điện tử, viễn thông
PGC___Tổng Công ty Gas Petrolimex - Công ty Cổ phần___0101447725___275___4661___Bán buôn nhiên liệu rắn, lỏng, khí và các sản phẩm liên quan
PIT___Công ty Cổ phần Xuất nhập khẩu Petrolimex___0301776741___250___8299___Hoạt động dịch vụ hỗ trợ kinh doanh khác còn lại chưa được phân vào đâu
PJT___Công ty Cổ phần Vận tải Xăng dầu đường thủy Petrolimex___0301825283___191___5012___Vận tải hàng hóa ven biển và viễn dương
PMS___Công ty Cổ phần Cơ khí Xăng dầu___0301838116___189___2512___Sản xuất thùng, bể chứa và dụng cụ chứa đựng bằng kim loại
PNC___Công ty Cổ phần Văn hóa Phương Nam___0301860552___256___5911___Hoạt động sản xuất phim điện ảnh, phim video và chương trình truyền hình
PVT___Tổng Công ty Cổ phần Vận tải Dầu khí___0302743192___191___5012___Vận tải hàng hóa ven biển và viễn dương
REE___Công ty Cổ phần Cơ điện Lạnh___0300741143___189___4322___Lắp đặt hệ thống cấp, thoát nước, lò sưởi và điều hoà không khí
RIC___Công ty Cổ phần Quốc Tế Hoàng Gia___5700102119___260___5510___Dịch vụ lưu trú ngắn ngày
SAF___Công ty Cổ phần Lương thực Thực phẩm SAFOCO___0303752249___218___1074___Sản xuất mì ống, mỳ sợi và sản phẩm tương tự
SAM___Công ty Cổ phần SAM Holdings___3600253537___314___2732___Sản xuất dây, cáp điện và điện tử khác
SDN___Công ty Cổ phần Sơn Đồng Nai___3600451024___180___2022___Sản xuất sơn, véc ni và các chất sơn, quét tương tự; sản xuất mực in và ma tít
SFC___Công ty Cổ phần Nhiên liệu Sài Gòn___0300631013___275___4933___Vận tải hàng hóa bằng đường bộ
SFI___Công ty Cổ phần Đại lý Vận tải Safi___0301471330___191___5229___Hoạt động dịch vụ hỗ trợ khác liên quan đến vận tải
SFN___Công ty Cổ phần Dệt lưới Sài Gòn___0300669828___198___1324___Sản xuất các loại dây bện và lưới
SGC___Công ty Cổ phần Xuất nhập khẩu Sa Giang___1400469817___218___1075___Sản xuất món ăn, thức ăn chế biến sẵn
SGH___Công ty Cổ phần Khách sạn Sài Gòn___0300850255___259___6810___Kinh doanh bất động sản, quyền sử dụng đất thuộc chủ sở hữu, chủ sử dụng hoặc đi thuê
SGT___Công ty Cổ phần Công nghệ Viễn thông Sài Gòn___0302615063___309___4652___Bán buôn thiết bị và linh kiện điện tử, viễn thông
SHC___Công ty Cổ phần Hàng hải Sài Gòn___0302590764___191___5229___Hoạt động dịch vụ hỗ trợ khác liên quan đến vận tải
SJ1___Công ty Cổ phần Nông nghiệp Hùng Hậu___0302047389___217___1020___Chế biến, bảo quản thuỷ sản và các sản phẩm từ thuỷ sản
SJD___Công ty Cổ phần Thủy điện Cần Đơn___3801068943___274___3510___Sản xuất, truyền tải và phân phối điện
TAC___Công ty Cổ phần Dầu Thực vật Tường An___0303498754___218___1040___Sản xuất dầu, mỡ động, thực vật
TCM___Công ty Cổ phần Dệt may - Đầu tư - Thương mại Thành Công___0301446221___226___1410___May trang phục (trừ trang phục từ da lông thú)
TCR___Công ty Cổ phần Công nghiệp Gốm sứ TAICERA___3600254001___180___2392___Sản xuất vật liệu xây dựng từ đất sét
TCT___Công ty Cổ phần Cáp treo Núi Bà Tây Ninh___3900309621___262___4932___Vận tải hành khách đường bộ khác
TDH___Công ty Cổ phần Phát triển Nhà Thủ Đức___0302346036___336___6810___Kinh doanh bất động sản, quyền sử dụng đất thuộc chủ sở hữu, chủ sử dụng hoặc đi thuê
TMC___Công ty Cổ phần Thương mại Xuất nhập khẩu Thủ Đức___0301444626___275___4661___Bán buôn nhiên liệu rắn, lỏng, khí và các sản phẩm liên quan
TMS___Công ty Cổ phần Transimex___0301874259___193___5229___Hoạt động dịch vụ hỗ trợ khác liên quan đến vận tải
TNA___Công ty Cổ phần Thương mại Xuất nhập khẩu Thiên Nam___0301172041___218___4662___Bán buôn kim loại và quặng kim loại
TS4___Công ty Cổ phần Thủy sản số 4___0302317620___217___1020___Chế biến, bảo quản thuỷ sản và các sản phẩm từ thuỷ sản
TSC___Công ty Cổ phần Vật tư Kỹ thuật Nông nghiệp Cần Thơ___1800518314___151___4669___Bán buôn chuyên doanh khác chưa được phân vào đâu
TTC___Công ty Cổ phần Gạch men Thanh Thanh___3600665643___180___2392___Sản xuất vật liệu xây dựng từ đất sét
STC___Công ty Cổ phần Sách và Thiết bị trường học Tp. Hồ Chí Minh___0301325347___256___3290___Sản xuất khác chưa được phân vào đâu
STP___Công ty Cổ phần Công nghiệp Thương mại Sông Đà___0500436570___184___1702___Sản xuất giấy nhăn, bìa nhăn, bao bì từ giấy và bìa
SVC___Công ty Cổ phần Dịch vụ tổng hợp Sài Gòn___0301154821___211___6810___Kinh doanh bất động sản, quyền sử dụng đất thuộc chủ sở hữu, chủ sử dụng hoặc đi thuê
VE9___Công ty Cổ phần Đầu tư và Xây dựng VNECO 9___4200580651___181___4299___Xây dựng công trình kỹ thuật dân dụng khác
VMC___Công ty Cổ phần VIMECO___0101338571___181___4299___Xây dựng công trình kỹ thuật dân dụng khác
VNC___Công ty Cổ phần Tập đoàn Vinacontrol___0100107772___195___7120___Kiểm tra và phân tích kỹ thuật
TTF___Công ty Cổ phần Tập đoàn Kỹ nghệ Gỗ Trường Thành___3700530696___155___3100___Sản xuất giường, tủ, bàn, ghế
TYA___Công ty Cổ phần Dây và Cáp điện Taya Việt Nam___3600241468___186___2732___Sản xuất dây, cáp điện và điện tử khác
UIC___Công ty Cổ phần Đầu tư Phát triển Nhà và Đô thị IDICO___3600486108___181___4101___Xây dựng nhà để ở
UNI___Công ty Cổ phần Viễn Liên___0301401291___308___6810___Kinh doanh bất động sản, quyền sử dụng đất thuộc chủ sở hữu, chủ sử dụng hoặc đi thuê
VFC___Công ty Cổ phần VINAFCO___0100108504___191___5210___Kho bãi và lưu giữ hàng hóa
VGP___Công ty Cổ phần Cảng Rau Quả___0302336158___193___5222___Hoạt động dịch vụ hỗ trợ trực tiếp cho vận tải đường thủy
VHC___Công ty Cổ phần Vĩnh Hoàn___1400112623___217___1020___Chế biến, bảo quản thuỷ sản và các sản phẩm từ thuỷ sản
VHG___Công ty Cổ phần Đầu tư Cao su Quảng Nam___4000386181___185___2731___Sản xuất dây cáp, sợi cáp quang học
VIC___Tập đoàn Vingroup - Công ty Cổ phần___0101245486___336___6810___Kinh doanh bất động sản, quyền sử dụng đất thuộc chủ sở hữu, chủ sử dụng hoặc đi thuê
VIP___Công ty Cổ phần Vận tải Xăng dầu VIPCO___0200113152___191___5012___Vận tải hàng hóa ven biển và viễn dương
VNE___Tổng Công ty Cổ phần Xây dựng điện Việt Nam___0400101450___181___4299___Xây dựng công trình kỹ thuật dân dụng khác
VNM___Công ty Cổ phần Sữa Việt Nam___0300588569___218___1050___Chế biến sữa và các sản phẩm từ sữa
VSC___Công ty Cổ phần Container Việt Nam___0200453688___193___5210___Kho bãi và lưu giữ hàng hóa
VSH___Công ty Cổ phần Thủy điện Vĩnh Sơn - Sông Hinh___4100562786___274___3511___Sản xuất điện
VTB___Công ty Cổ phần Viettronics Tân Bình___0300391837___186___2640___Sản xuất sản phẩm điện tử dân dụng
VTC___Công ty Cổ phần Viễn Thông VTC___0301888195___314___9512___Sửa chữa thiết bị liên lạc
VTO___Công ty Cổ phần Vận tải Xăng dầu VITACO___0300545501___191___5012___Vận tải hàng hóa ven biển và viễn dương
ACB___Ngân hàng Thương mại Cổ phần Á Châu___0301452948___289___6419___Hoạt động trung gian tiền tệ khác
B82___Công ty Cổ phần 482___2900324346___181___4299___Xây dựng công trình kỹ thuật dân dụng khác
BBS___Công ty Cổ phần VICEM Bao bì Bút Sơn___0600312071___184___1702___Sản xuất giấy nhăn, bìa nhăn, bao bì từ giấy và bìa
BCC___Công ty Cổ phần Xi măng Bỉm Sơn___2800232620___180___3290___Sản xuất khác chưa được phân vào đâu
BHV___Công ty Cổ phần Bá Hiến___2500222558___180___2392___Sản xuất vật liệu xây dựng từ đất sét
BLF___Công ty Cổ phần Thủy sản Bạc Liêu___1900253340___217___1020___Chế biến, bảo quản thuỷ sản và các sản phẩm từ thuỷ sản
BTS___Công ty Cổ phần Xi măng VICEM Bút Sơn___0700117613___180___2394___Sản xuất xi măng, vôi và thạch cao
C92___Công ty Cổ phần Xây dựng và Đầu tư 492___2900329305___181___4210___Xây dựng công trình đường sắt và đường bộ
CAP___Công ty Cổ phần Lâm Nông sản Thực phẩm Yên Bái___5200116441___156___1701___Sản xuất bột giấy, giấy và bìa
CJC___Công ty Cổ phần Cơ điện Miền Trung___0400528732___187___2511___Sản xuất các cấu kiện kim loại
CMC___Công ty Cổ phần Đầu tư CMC___0100104309___211___8299___Hoạt động dịch vụ hỗ trợ kinh doanh khác còn lại chưa được phân vào đâu
CTB___Công ty Cổ phần Chế tạo Bơm Hải Dương___0800287016___189___2813___Sản xuất máy bơm, máy nén, vòi và van khác
CTC___Công ty Cổ phần Gia Lai CTC___5900230301___262___5610___Nhà hàng và các dịch vụ ăn uống phục vụ lưu động
CTN___Công ty Cổ phần Xây dựng Công trình ngầm___0101377725___181___6810___Kinh doanh bất động sản, quyền sử dụng đất thuộc chủ sở hữu, chủ sử dụng hoặc đi thuê
DAE___Công ty Cổ phần Sách Giáo dục tại TP.Đà Nẵng___0400463362___256___5811___Xuất bản sách
DBC___Công ty Cổ phần Tập đoàn Dabaco Việt Nam___2300105790___217___1080___Sản xuất thức ăn gia súc, gia cầm và thuỷ sản
DST___Công ty Cổ phần Đầu tư Sao Thăng Long___0600004422___256___4330___Hoàn thiện công trình xây dựng
DTC___Công ty Cổ phần Viglacera Đông Triều___5700486105___180___2392___Sản xuất vật liệu xây dựng từ đất sét
HAI___Công ty Cổ phần Nông dược HAI___0301242080___151___2011___Sản xuất hoá chất cơ bản
HCC___Công ty Cổ phần Bê tông Hòa Cầm - Intimex___4000362102___180___2395___Sản xuất bê tông và các sản phẩm từ xi măng và thạch cao
HHC___Công ty Cổ phần Bánh kẹo Hải Hà___0101444379___218___1071___Sản xuất các loại bánh từ bột
HJS___Công ty Cổ phần Thủy điện Nậm Mu___5100174626___274___4299___Xây dựng công trình kỹ thuật dân dụng khác
HLY___Công ty Cổ phần Viglacera Hạ Long I___5700475745___180___2392___Sản xuất vật liệu xây dựng từ đất sét
HTP___Công ty Cổ phần In Sách Giáo Khoa Hòa Phát___0400459486___256___1811___In ấn
HUT___Công ty Cổ phần Tasco___0600264117___181___6810___Kinh doanh bất động sản, quyền sử dụng đất thuộc chủ sở hữu, chủ sử dụng hoặc đi thuê
ILC___Công ty Cổ phần Hợp tác lao động với nước ngoài___0200344784___196___5012___Vận tải hàng hóa ven biển và viễn dương
KBC___Tổng Công ty Phát triển Đô thị Kinh Bắc___2300233993___336___6810___Kinh doanh bất động sản, quyền sử dụng đất thuộc chủ sở hữu, chủ sử dụng hoặc đi thuê
L18___Công ty Cổ phần Đầu tư và Xây dựng số 18___0800001612___181___4212___Xây dựng công trình đường bộ
LBE___Công ty Cổ phần Sách và Thiết bị Trường học Long An___1100105921___256___3511___Sản xuất điện
LUT___Công ty Cổ phần Đầu tư Xây dựng Lương Tài___0302879813___181___4299___Xây dựng công trình kỹ thuật dân dụng khác
MCO___Công ty Cổ phần Đầu tư và Xây dựng BDC Việt Nam___0101413483___181___4210___Xây dựng công trình đường sắt và đường bộ
MEC___Công ty Cổ phần Cơ khí - Lắp máy Sông Đà___5400240573___181___4321___Lắp đặt hệ thống điện
MIC___Công ty Cổ phần Kỹ nghệ Khoáng sản Quảng Nam___4000100139___166___0899___Khai khoáng khác chưa được phân vào đâu
NBC___Công ty Cổ phần Than Núi Béo - Vinacomin___5700101700___160___0520___Khai thác và thu gom than non
NGC___Công ty Cổ phần Chế biến Thủy sản Xuất khẩu Ngô Quyền___1700460163___217___1020___Chế biến, bảo quản thuỷ sản và các sản phẩm từ thuỷ sản
NPS___Công ty Cổ phần May Phú Thịnh Nhà Bè___0303173361___226___1322___Sản xuất hàng may sẵn (trừ trang phục)
NST___Công ty Cổ phần Ngân Sơn___0100100199___229___0115___Trồng cây thuốc lá, thuốc lào
NTP___Công ty Cổ phần Nhựa Thiếu niên Tiền Phong___0200167782___180___2220___Sản xuất sản phẩm từ plastic
ONE___Công ty Cổ phần Truyền thông số 1___0100233174___311___4652___Bán buôn thiết bị và linh kiện điện tử, viễn thông
PAN___Công ty Cổ phần Tập đoàn PAN___0301472704___195___6619___Hoạt động hỗ trợ dịch vụ tài chính chưa được phân vào đâu
POT___Công ty Cổ phần Thiết bị Bưu điện___0100686865___311___3290___Sản xuất khác chưa được phân vào đâu
PPG___Công ty Cổ phần Sản xuất Thương mại Dịch vụ Phú Phong___0300911356___180___2310___Sản xuất thuỷ tinh và sản phẩm từ thuỷ tinh
PTS___Công ty Cổ phần Vận tải và Dịch vụ Petrolimex Hải Phòng___0200412699___194___4661___Bán buôn nhiên liệu rắn, lỏng, khí và các sản phẩm liên quan
PVC___Tổng Công ty Hóa chất và Dịch vụ Dầu khí - Công ty Cổ phần___0100150873___316___4661___Bán buôn nhiên liệu rắn, lỏng, khí và các sản phẩm liên quan
PVE___Tổng Công ty Tư vấn Thiết kế Dầu khí - Công ty Cổ phần___0301479273___316___7020___Hoạt động tư vấn quản lý
PVI___Công ty Cổ phần PVI___0100151161___292___6810___Kinh doanh bất động sản, quyền sử dụng đất thuộc chủ sở hữu, chủ sử dụng hoặc đi thuê
PVS___Tổng Công ty Cổ phần Dịch vụ Kỹ thuật Dầu khí Việt Nam___0100150577___316___0910___Hoạt động dịch vụ hỗ trợ khai thác dầu thô và khí tự nhiên
QNC___Công ty Cổ phần Xi măng và Xây dựng Quảng Ninh___5700100263___180___2394___Sản xuất xi măng, vôi và thạch cao
S12___Công ty Cổ phần Sông Đà 12___0100105140___181___4299___Xây dựng công trình kỹ thuật dân dụng khác
S55___Công ty Cổ phần Sông Đà 505___5900320629___181___4290___Xây dựng công trình kỹ thuật dân dụng khác
S96___Công ty Cổ phần Sông Đà 9.06___0101437741___181___4299___Xây dựng công trình kỹ thuật dân dụng khác
S99___Công ty Cổ phần SCI___0101405355___181___4299___Xây dựng công trình kỹ thuật dân dụng khác
SCC___Công ty Cổ phần Đầu tư Thương mại Hưng Long Tỉnh Hòa Bình___5400213153___180___2394___Sản xuất xi măng, vôi và thạch cao
SCJ___Công ty Cổ phần Xi măng Sài Sơn___0500444444___180___2394___Sản xuất xi măng, vôi và thạch cao
SD2___Công ty Cổ phần Sông Đà 2___0500236821___181___4212___Xây dựng công trình đường bộ
SD3___Công ty Cổ phần Sông Đà 3___5900189364___181___3511___Sản xuất điện
SD4___Công ty Cổ phần Sông Đà 4___5900189325___181___4290___Xây dựng công trình kỹ thuật dân dụng khác
SD5___Công ty Cổ phần Sông Đà 5___0100886857___181___4101___Xây dựng nhà để ở
SD7___Công ty Cổ phần Sông Đà 7___5400105091___181___7110___Hoạt động kiến trúc và tư vấn kỹ thuật có liên quan
SDA___Công ty Cổ phần SIMCO Sông Đà___0101401706___196___4229___Xây dựng công trình công ích khác
SDC___Công ty Cổ phần Tư vấn Sông Đà___0100105454___195___7110___Hoạt động kiến trúc và tư vấn kỹ thuật có liên quan
SDJ___Công ty Cổ phần Sông Đà 25___2800221072___181___4100___Xây dựng nhà các loại
SGD___Công ty Cổ phần Sách Giáo dục tại TP.HCM___0303280405___256___5811___Xuất bản sách
SIC___Công ty Cổ phần ANI___0303255529___181___6810___Kinh doanh bất động sản, quyền sử dụng đất thuộc chủ sở hữu, chủ sử dụng hoặc đi thuê
SJE___Công ty Cổ phần Sông Đà 11___0500313811___181___4291___Xây dựng công trình thủy
SRA___Công ty Cổ phần SARA Việt Nam___0101476469___310___4659___Bán buôn máy móc, thiết bị và phụ tùng máy khác
TJC___Công ty Cổ phần Dịch vụ Vận tải và Thương mại___0200387594___194___5012___Vận tải hàng hóa ven biển và viễn dương
TKU___Công ty Cổ phần Công nghiệp Tung Kuang___3600254361___157___2599___Sản xuất sản phẩm khác bằng kim loại chưa được phân vào đâu
TLT___Công ty Cổ phần Viglacera Thăng Long___2500224026___180___2392___Sản xuất vật liệu xây dựng từ đất sét
TNG___Công ty Cổ phần Đầu tư và Thương mại TNG___4600305723___226___1410___May trang phục (trừ trang phục từ da lông thú)
TPH___Công ty Cổ phần In Sách giáo khoa tại TP.Hà Nội___0101493707___256___1811___In ấn
TST___Công ty Cổ phần Dịch vụ Kỹ thuật Viễn thông___0101334129___308___3320___Lắp đặt máy móc và thiết bị công nghiệp
TXM___Công ty Cổ phần VICEM Thạch cao Xi Măng___3300101300___180___4663___Bán buôn vật liệu, thiết bị lắp đặt khác trong xây dựng
VC2___Công ty Cổ phần Đầu tư và Xây dựng VINA2___0100105895___181___4101___Xây dựng nhà để ở
VC3___Công ty Cổ phần Tập đoàn Nam Mê Kông___0101311837___336___6810___Kinh doanh bất động sản, quyền sử dụng đất thuộc chủ sở hữu, chủ sử dụng hoặc đi thuê
VC6___Công ty cổ phần Xây dựng và Đầu tư Visicons___0100105503___181___4290___Xây dựng công trình kỹ thuật dân dụng khác
VC7___Công ty Cổ Phần Xây dựng số 7___0100105743___181___4299___Xây dựng công trình kỹ thuật dân dụng khác
VDL___Công ty Cổ phần Thực phẩm Lâm Đồng___5800408245___215___4669___Bán buôn chuyên doanh khác chưa được phân vào đâu
VSP___Công ty Cổ phần Vận tải biển và Bất động sản Việt Hải___0303154993___191___4290___Xây dựng công trình kỹ thuật dân dụng khác
VTL___Công ty Cổ phần Vang Thăng Long___0101275603___215___1102___Sản xuất rượu vang
XMC___Công ty cổ phần Đầu tư và Xây dựng Xuân Mai___0500443916___180___4299___Xây dựng công trình kỹ thuật dân dụng khác
YBC___Công ty Cổ phần Xi măng và Khoáng sản Yên Bái___5200216647___180___2394___Sản xuất xi măng, vôi và thạch cao
SZL___Công ty Cổ phần Sonadezi Long Thành___3600649539___336___6810___Kinh doanh bất động sản, quyền sử dụng đất thuộc chủ sở hữu, chủ sử dụng hoặc đi thuê
VSG___Công ty Cổ phần Container Phía Nam___0301872364___193___5229___Hoạt động dịch vụ hỗ trợ khác liên quan đến vận tải
SPP___Công ty Cổ phần Bao bì Nhựa Sài Gòn___0302272627___184___4669___Bán buôn chuyên doanh khác chưa được phân vào đâu
CCM___Công ty Cổ phần Khoáng sản và Xi măng Cần Thơ___1800553319___180___2394___Sản xuất xi măng, vôi và thạch cao
KKC___Công ty Cổ phần Kim khí KKC___0200412681___159___4662___Bán buôn kim loại và quặng kim loại
VCG___Tổng Công ty Cổ phần Xuất nhập khẩu và Xây dựng Việt Nam___0100105616___181___6810___Kinh doanh bất động sản, quyền sử dụng đất thuộc chủ sở hữu, chủ sử dụng hoặc đi thuê
DC4___Công ty Cổ phần Xây dựng DIC Holdings___3500686978___181___4299___Xây dựng công trình kỹ thuật dân dụng khác
SSM___Công ty Cổ phần Chế tạo kết cấu thép VNECO.SSM___0400474004___159___2592___Gia công cơ khí; xử lý và tráng phủ kim loại
TDN___Công ty Cổ phần Than Đèo Nai - Vinacomin___5700101299___160___0510___Khai thác và thu gom than cứng
TBX___Công ty Cổ phần Xi măng Thái Bình___1000283494___180___2394___Sản xuất xi măng, vôi và thạch cao
L61___Công ty Cổ phần Lilama 69-1___2300102253___189___3320___Lắp đặt máy móc và thiết bị công nghiệp
TRA___Công ty Cổ phần Traphaco___0100108656___238___2100___Sản xuất thuốc, hoá dược và dược liệu
KSH___Công ty Cổ phần Damac GLS___0700189368___166___0710___Khai thác quặng sắt
DHT___Công ty Cổ phần Dược phẩm Hà Tây___0500391400___238___2100___Sản xuất thuốc, hoá dược và dược liệu
MKV___Công ty Cổ phần Dược Thú Y Cai Lậy___1200505472___238___2100___Sản xuất thuốc, hoá dược và dược liệu
PVA___Công ty Cổ phần Tổng Công ty Xây lắp Dầu khí Nghệ An___2901276166___181___4290___Xây dựng công trình kỹ thuật dân dụng khác
TCS___Công ty Cổ phần Than Cao Sơn - Vinacomin___5700101098___160___0510___Khai thác và thu gom than cứng
THT___Công ty Cổ phần Than Hà Tu - Vinacomin___5700101323___160___0510___Khai thác và thu gom than cứng
TPP___Công ty Cổ phần Nhựa Tân Phú___0303640880___184___2220___Sản xuất sản phẩm từ plastic
VGS___Công ty Cổ phần Ống thép Việt Đức VG PIPE___2500267703___159___2431___Đúc sắt, thép
SVI___Công ty Cổ phần Bao bì Biên Hòa___3600648493___184___1702___Sản xuất giấy nhăn, bìa nhăn, bao bì từ giấy và bìa
CAD___Công ty Cổ phần Chế biến và Xuất khẩu Thủy sản Cadovimex___2000102580___217___1020___Chế biến, bảo quản thuỷ sản và các sản phẩm từ thuỷ sản
VCC___Công ty Cổ phần Vinaconex 25___4000378261___181___4299___Xây dựng công trình kỹ thuật dân dụng khác
PTM___Công ty Cổ phần Sản xuất, Thương mại và Dịch vụ ô tô PTM___0101116000___189___4511___Bán buôn ô tô và xe có động cơ khác
MTG___Công ty Cổ phần MT Gas___1100480979___275___4290___Xây dựng công trình kỹ thuật dân dụng khác
QTC___Công ty Cổ phần Công trình Giao thông Vận tải Quảng Nam___4000390766___181___4290___Xây dựng công trình kỹ thuật dân dụng khác
NBB___Công ty Cổ phần Đầu tư Năm Bảy Bảy___0303885305___336___6810___Kinh doanh bất động sản, quyền sử dụng đất thuộc chủ sở hữu, chủ sử dụng hoặc đi thuê
VHL___Công ty Cổ phần Viglacera Hạ Long___5700101147___180___2392___Sản xuất vật liệu xây dựng từ đất sét
BCI___Công ty TNHH MTV Đầu tư Kinh doanh Nhà Khang Phúc___0301881016___336___6810___Kinh doanh bất động sản, quyền sử dụng đất thuộc chủ sở hữu, chủ sử dụng hoặc đi thuê
VST___Công ty Cổ phần Vận tải và Thuê Tàu biển Việt Nam___0300448709___191___5012___Vận tải hàng hóa ven biển và viễn dương
HLC___Công ty Cổ phần Than Hà Lầm - Vinacomin___5700101637___160___0510___Khai thác và thu gom than cứng
SDP___Công ty Cổ phần SDP___0500444772___180___4659___Bán buôn máy móc, thiết bị và phụ tùng máy khác
HVT___Công ty Cổ phần Hóa chất Việt Trì___2600108217___151___2011___Sản xuất hoá chất cơ bản
VC1___Công ty Cổ phần Xây dựng số 1___0300408745___181___4100___Xây dựng nhà các loại
BHC___Công ty Cổ phần Bê tông Biên Hòa___3600448180___180___2395___Sản xuất bê tông và các sản phẩm từ xi măng và thạch cao
HOM___Công ty Cổ phần Xi măng VICEM Hoàng Mai___2900329295___180___2394___Sản xuất xi măng, vôi và thạch cao
MDC___Công ty Cổ phần Than Mông Dương - Vinacomin___5700101203___160___0510___Khai thác và thu gom than cứng
D2D___Công ty Cổ phần Phát triển Đô thị Công nghiệp số 2___3600259560___336___6810___Kinh doanh bất động sản, quyền sử dụng đất thuộc chủ sở hữu, chủ sử dụng hoặc đi thuê
DHC___Công ty Cổ phần Đông Hải Bến Tre___1300358260___156___1701___Sản xuất bột giấy, giấy và bìa
AAM___Công ty Cổ Phần Thủy Sản Mê Kông___1800448811___217___1020___Chế biến, bảo quản thuỷ sản và các sản phẩm từ thuỷ sản
NBP___Công ty Cổ phần Nhiệt Điện Ninh Bình___2700283389___274___35101___Sản xuất điện
CSM___Công ty Cổ phần Công nghiệp Cao su Miền Nam___0300419930___213___2013___Sản xuất plastic và cao su tổng hợp dạng nguyên sinh
VNL___Công ty Cổ phần Logistics Vinalink___0301776205___194___5210___Kho bãi và lưu giữ hàng hóa
PHR___Công ty Cổ phần Cao su Phước Hòa___3700147532___150___0125___Trồng cây cao su
BKC___Công ty Cổ phần Khoáng sản Bắc Kạn___4700149595___166___0710___Khai thác quặng sắt
DIG___Tổng Công ty Cổ phần Đầu tư Phát triển Xây dựng___3500101107___336___4299___Xây dựng công trình kỹ thuật dân dụng khác
VPH___Công ty Cổ phần Vạn Phát Hưng___0301822194___336___6810___Kinh doanh bất động sản, quyền sử dụng đất thuộc chủ sở hữu, chủ sử dụng hoặc đi thuê
ATA___Công ty Cổ phần NTACO___1600513044___217___1020___Chế biến, bảo quản thuỷ sản và các sản phẩm từ thuỷ sản
HLG___Công ty Cổ phần Tập đoàn Hoàng Long___1100414052___229___4290___Xây dựng công trình kỹ thuật dân dụng khác
RDP___Công ty Cổ phần Rạng Đông Holding___0300384357___150___2220___Sản xuất sản phẩm từ plastic
SDU___Công ty Cổ phần Đầu tư Xây dựng và Phát triển Đô thị Sông Đà___0102186917___181___4290___Xây dựng công trình kỹ thuật dân dụng khác
MCG___Công ty Cổ phần Cơ điện và Xây dựng Việt Nam___0100103295___181___6810___Kinh doanh bất động sản, quyền sử dụng đất thuộc chủ sở hữu, chủ sử dụng hoặc đi thuê
NAG___Công ty Cổ phần Tập đoàn Nagakawa___2500217389___186___2640___Sản xuất sản phẩm điện tử dân dụng
PDC___Công ty Cổ phần Du lịch Dầu khí Phương Đông___2900781381___262___5510___Dịch vụ lưu trú ngắn ngày
EFI___Công ty Cổ phần Đầu tư Tài chính Giáo dục___0102556300___336___6810___Kinh doanh bất động sản, quyền sử dụng đất thuộc chủ sở hữu, chủ sử dụng hoặc đi thuê
SRC___Công ty Cổ phần Cao su Sao Vàng___0100100625___213___3320___Lắp đặt máy móc và thiết bị công nghiệp
LGL___Công ty Cổ phần Đầu tư và Phát triển Đô thị Long Giang___0101184201___336___6810___Kinh doanh bất động sản, quyền sử dụng đất thuộc chủ sở hữu, chủ sử dụng hoặc đi thuê
ITC___Công ty Cổ phần Đầu tư - Kinh doanh nhà___0302199864___336___6810___Kinh doanh bất động sản, quyền sử dụng đất thuộc chủ sở hữu, chủ sử dụng hoặc đi thuê
TV2___Công ty Cổ phần Tư vấn Xây dựng Điện 2___0300420157___195___7110___Hoạt động kiến trúc và tư vấn kỹ thuật có liên quan
TIC___Công ty Cổ phần Đầu tư Điện Tây Nguyên___5900328272___274___3510___Sản xuất, truyền tải và phân phối điện
DDN___Công ty Cổ phần Dược - Thiết bị y tế Đà Nẵng___0400101404___238___4649___Bán buôn đồ dùng khác cho gia đình
DNT___Công ty Cổ phần Du lịch Đồng Nai___3600276414___260___4649___Bán buôn đồ dùng khác cho gia đình
KMT___Công ty Cổ phần Kim khí Miền Trung___0400101605___159___4662___Bán buôn kim loại và quặng kim loại
MAS___Công ty cổ phần Dịch vụ Hàng Không Sân Bay Đà Nẵng___0400102045___262___5223___Hoạt động dịch vụ hỗ trợ trực tiếp cho vận tải hàng không
TCO___Công ty Cổ phần Vận tải Đa phương thức Duyên Hải___0200793081___194___4933___Vận tải hàng hóa bằng đường bộ
TGP___Công ty Cổ phần Trường Phú___0800298748___186___2732___Sản xuất dây, cáp điện và điện tử khác
SRF___Công ty Cổ phần Kỹ nghệ lạnh___0301825452___189___4329___Lắp đặt hệ thống xây dựng khác
HAD___Công ty Cổ phần Bia Hà Nội - Hải Dương___0800283766___214___1103___Sản xuất bia và mạch nha ủ men bia
SDH___Công ty Cổ phần Xây dựng hạ tầng Sông Đà___0101334087___181___4299___Xây dựng công trình kỹ thuật dân dụng khác
BED___Công ty Cổ phần Sách và Thiết bị trường học Đà Nẵng___0400465793___256___4649___Bán buôn đồ dùng khác cho gia đình
TMX___Công ty Cổ phần VICEM Thương mại Xi măng___0100105694___180___4663___Bán buôn vật liệu, thiết bị lắp đặt khác trong xây dựng
DBT___Công ty Cổ phần Dược phẩm Bến Tre___1300382591___238___4649___Bán buôn đồ dùng khác cho gia đình
TNM___Công ty Cổ phần Xuất nhập khẩu và Xây dựng Công trình___0301127673___181___4210___Xây dựng công trình đường sắt và đường bộ
GTH___Công ty Cổ phần Xây dựng Giao thông Thừa Thiên Huế___3300101011___181___4290___Xây dựng công trình kỹ thuật dân dụng khác
API___Công ty Cổ phần Đầu tư Châu Á Thái Bình Dương___0102005769___336___6810___Kinh doanh bất động sản, quyền sử dụng đất thuộc chủ sở hữu, chủ sử dụng hoặc đi thuê
CSC___Công ty Cổ phần Tập đoàn COTANA___0101482984___336___4299___Xây dựng công trình kỹ thuật dân dụng khác
VIT___Công ty Cổ phần Viglacera Tiên Sơn___2300317851___180___2391___Sản xuất sản phẩm chịu lửa
MSN___Công ty Cổ phần Tập đoàn Masan___0303576603___218___7020___Hoạt động tư vấn quản lý
CVT___Công ty Cổ phần CMC___2600106523___180___2392___Sản xuất vật liệu xây dựng từ đất sét
TH1___Công ty Cổ phần Xuất nhập khẩu Tổng hợp I Việt Nam___0100107490___248___4620___Bán buôn nông, lâm sản nguyên liệu (trừ gỗ, tre, nứa) và động vật sống
GDT___Công ty Cổ phần Chế biến Gỗ Đức Thành___0301449014___221___1629___Sản xuất sản phẩm khác từ gỗ; sản xuất sản phẩm từ tre, nứa, rơm, rạ và vật liệu tết bện
HVG___Công ty Cổ phần Hùng Vương___1200507529___217___0322___Nuôi trồng thuỷ sản nội địa
BXH___Công ty Cổ phần VICEM Bao bì Hải Phòng___0200600741___184___1702___Sản xuất giấy nhăn, bìa nhăn, bao bì từ giấy và bìa
ACE___Công ty Cổ phần Bê tông ly tâm An Giang___1600669108___180___2395___Sản xuất bê tông và các sản phẩm từ xi măng và thạch cao
CT3___Công ty Cổ phần Đầu tư và Xây dựng công trình 3___0300421520___181___7110___Hoạt động kiến trúc và tư vấn kỹ thuật có liên quan
BTP___Công ty Cổ phần Nhiệt điện Bà Rịa___3500701305___274___3512___Truyền tải và phân phối điện
PGD___Công ty Cổ phần Phân phối khí thấp áp dầu khí Việt Nam___0304998686___275___3520___Sản xuất khí đốt, phân phối nhiên liệu khí bằng đường ống
MHL___Công ty Cổ phần Minh Hữu Liên___0305173769___159___3100___Sản xuất giường, tủ, bàn, ghế
LM3___Công ty Cổ phần Lilama 3___2600104526___181___3320___Lắp đặt máy móc và thiết bị công nghiệp
LIX___Công ty Cổ phần Bột giặt LIX___0301444263___228___2023___Sản xuất mỹ phẩm, xà phòng, chất tẩy rửa, làm bóng và chế phẩm vệ sinh
DID___Công ty Cổ phần DIC - Đồng Tiến___3600692809___181___4101___Xây dựng nhà để ở
VNG___Công ty Cổ phần Du Lịch Thành Thành Công___3500753423___259___5510___Dịch vụ lưu trú ngắn ngày
DNC___Công ty Cổ phần Điện nước Lắp máy Hải Phòng___0200155561___274___3512___Truyền tải và phân phối điện
V15___Công ty Cổ phần Xây dựng số 15___0200371234___181___4299___Xây dựng công trình kỹ thuật dân dụng khác
SHN___Công ty Cổ phần Đầu tư Tổng hợp Hà Nội___0102287094___181___6810___Kinh doanh bất động sản, quyền sử dụng đất thuộc chủ sở hữu, chủ sử dụng hoặc đi thuê
LO5___Công ty Cổ phần Lilama 5___2800233448___189___2599___Sản xuất sản phẩm khác bằng kim loại chưa được phân vào đâu
HGM___Công ty Cổ phần Cơ khí và Khoáng sản Hà Giang___5100101762___166___0722___Khai thác quặng kim loại khác không chứa sắt
DXG___Công ty Cổ phần Tập đoàn Đất Xanh___0303104343___336___6810___Kinh doanh bất động sản, quyền sử dụng đất thuộc chủ sở hữu, chủ sử dụng hoặc đi thuê
SDG___Công ty Cổ phần Sadico Cần Thơ___1800155452___184___2220___Sản xuất sản phẩm từ plastic
BMJ___Công ty Cổ phần Khoáng sản Miền Đông AHP___3700927878___166___0810___Khai thác đá, cát, sỏi, đất sét
UDJ___Công ty Cổ phần Phát triển Đô thị___3700785535___181___6810___Kinh doanh bất động sản, quyền sử dụng đất thuộc chủ sở hữu, chủ sử dụng hoặc đi thuê
ACC___Công ty Cổ phần Đầu tư và Xây dựng Bình Dương ACC___3700926112___180___4299___Xây dựng công trình kỹ thuật dân dụng khác
TMW___Công ty Cổ phần Tổng hợp Gỗ Tân Mai___3600254266___221___1621___Sản xuất gỗ dán, gỗ lạng, ván ép và ván mỏng khác
MAC___Công ty Cổ phần Cung ứng và Dịch vụ Kỹ thuật Hàng Hải___0200563063___188___5229___Hoạt động dịch vụ hỗ trợ khác liên quan đến vận tải
TCL___Công ty Cổ phần Đại lý Giao nhận Vận tải Xếp dỡ Tân Cảng___0304875444___194___5229___Hoạt động dịch vụ hỗ trợ khác liên quan đến vận tải
PGT___Công ty Cổ phần PGT Holdings___0303527483___262___7020___Hoạt động tư vấn quản lý
AMV___Công ty Cổ phần Sản xuất Kinh doanh Dược và Trang thiết bị Y tế Việt Mỹ___3800237998___238___4772___Bán lẻ thuốc, dụng cụ y tế, mỹ phẩm và vật phẩm vệ sinh trong các cửa hàng chuyên doanh
KSS___Tổng Công ty Cổ phần Khoáng sản Na Rì Hamico___4700144572___166___0710___Khai thác quặng sắt
CTD___Công ty Cổ phần Xây dựng Coteccons___0303443233___181___4100___Xây dựng nhà các loại
ASM___Công ty Cổ phần Tập đoàn Sao Mai___1600169024___217___6810___Kinh doanh bất động sản, quyền sử dụng đất thuộc chủ sở hữu, chủ sử dụng hoặc đi thuê
AGD___Công ty Cổ phần Gò Đàng___1200575021___217___1020___Chế biến, bảo quản thuỷ sản và các sản phẩm từ thuỷ sản
PTG___Công ty Cổ phần May Xuất Khẩu Phan Thiết___3400353333___226___1410___May trang phục (trừ trang phục từ da lông thú)
TAG___Công ty Cổ phần Thế giới số Trần Anh___0101217009___223___4659___Bán buôn máy móc, thiết bị và phụ tùng máy khác
FDC___Công ty Cổ phần Ngoại thương và Phát triển Đầu tư Thành phố Hồ Chí Minh___0300590663___336___6810___Kinh doanh bất động sản, quyền sử dụng đất thuộc chủ sở hữu, chủ sử dụng hoặc đi thuê
KSB___Công ty Cổ phần Khoáng sản và Xây dựng Bình Dương___3700148825___166___0810___Khai thác đá, cát, sỏi, đất sét
CPC___Công ty Cổ phần Thuốc sát trùng Cần Thơ___1800457478___151___2012___Sản xuất phân bón và hợp chất ni tơ
CMG___Công ty Cổ phần Tập đoàn Công nghệ CMC___0100244112___308___5820___Xuất bản phần mềm
NHW___Công ty Cổ phần Ngô Han___3600334200___187___2732___Sản xuất dây, cáp điện và điện tử khác
HDM___Công ty Cổ phần Dệt - May Huế___3300100628___226___1311___Sản xuất sợi
HDG___Công ty Cổ phần Tập đoàn Hà Đô___0100283802___336___4322___Lắp đặt hệ thống cấp, thoát nước, lò sưởi và điều hoà không khí
TMT___Công ty Cổ phần Ô tô TMT___0100104563___211___3099___Sản xuất phương tiện và thiết bị vận tải khác chưa được phân vào đâu
NT2___Công ty Cổ phần Điện lực Dầu khí Nhơn Trạch 2___3600897316___274___3510___Sản xuất, truyền tải và phân phối điện
TVG___Công ty Cổ phần Tư vấn Đầu tư và Xây dựng Giao thông Vận tải___0100104570___181___7110___Hoạt động kiến trúc và tư vấn kỹ thuật có liên quan
KDH___Công ty Cổ phần Đầu tư và Kinh doanh nhà Khang Điền___0302588596___336___6810___Kinh doanh bất động sản, quyền sử dụng đất thuộc chủ sở hữu, chủ sử dụng hoặc đi thuê
APC___Công ty Cổ phần Chiếu xạ An Phú___3700480244___237___8299___Hoạt động dịch vụ hỗ trợ kinh doanh khác còn lại chưa được phân vào đâu
TLG___Công ty Cổ phần Tập đoàn Thiên Long___0301464830___220___3290___Sản xuất khác chưa được phân vào đâu
STG___Công ty Cổ phần Kho Vận Miền Nam___0300645369___193___5210___Kho bãi và lưu giữ hàng hóa
VQC___Công ty Cổ phần Giám định Vinaconmin___5700100552___195___7120___Kiểm tra và phân tích kỹ thuật
KBE___Công ty Cổ phần Sách Thiết bị Trường học Kiên Giang___1700418394___256___5811___Xuất bản sách
TBT___Công ty Cổ phần Xây dựng Công trình Giao thông Bến Tre___1300403675___181___4210___Xây dựng công trình đường sắt và đường bộ
CTI___Công ty Cổ phần Đầu tư Phát triển Cường Thuận IDICO___3600459834___181___4212___Xây dựng công trình đường bộ
DL1___Công ty Cổ phần Tập đoàn Năng lượng Tái tạo Việt Nam___5900437257___193___3511___Sản xuất điện
SDB___Công ty Cổ phần Sông Đà 207___0102150565___181___6810___Kinh doanh bất động sản, quyền sử dụng đất thuộc chủ sở hữu, chủ sử dụng hoặc đi thuê
CKV___Công ty Cổ phần CokyVina___0100684716___314___8299___Hoạt động dịch vụ hỗ trợ kinh doanh khác còn lại chưa được phân vào đâu
PHH___Công ty Cổ phần Hồng Hà Việt Nam___0100109674___181___4101___Xây dựng nhà để ở
NDC___Công ty Cổ phần Nam Dược___0101452595___238___4649___Bán buôn đồ dùng khác cho gia đình
QHD___Công ty Cổ phần Que hàn điện Việt Đức___0500445085___185___3290___Sản xuất khác chưa được phân vào đâu
VPB___Ngân hàng Thương mại Cổ phần Việt Nam Thịnh Vượng___0100233583___289___6419___Hoạt động trung gian tiền tệ khác
IJC___Công ty Cổ phần Phát triển Hạ tầng Kỹ thuật___3700805566___336___6810___Kinh doanh bất động sản, quyền sử dụng đất thuộc chủ sở hữu, chủ sử dụng hoặc đi thuê
CCI___Công ty Cổ phần Đầu tư Phát triển Công nghiệp Thương mại Củ Chi___0302704764___336___6810___Kinh doanh bất động sản, quyền sử dụng đất thuộc chủ sở hữu, chủ sử dụng hoặc đi thuê
PVL___Công ty Cổ phần Đầu tư Nhà Đất Việt___0102380872___336___6810___Kinh doanh bất động sản, quyền sử dụng đất thuộc chủ sở hữu, chủ sử dụng hoặc đi thuê
V21___Công ty Cổ phần Vinaconex 21___0500236902___181___4390___Hoạt động xây dựng chuyên dụng khác
TNB___Công ty Cổ phần Thép Nhà Bè - VNSTEEL___0305393838___159___2410___Sản xuất sắt, thép, gang
HPB___Công ty Cổ phần Bao bì PP___0200545032___184___2220___Sản xuất sản phẩm từ plastic
MCC___Công ty Cổ phần Gạch ngói cao cấp___3700762464___180___2392___Sản xuất vật liệu xây dựng từ đất sét
DAP___Công ty Cổ phần Đông Á___4200525354___184___1702___Sản xuất giấy nhăn, bìa nhăn, bao bì từ giấy và bìa
LCC___Công ty Cổ phần Xi măng Hồng Phong___4900102650___180___2394___Sản xuất xi măng, vôi và thạch cao
DLR___Công ty Cổ phần Địa ốc Đà Lạt___5800000142___336___4290___Xây dựng công trình kỹ thuật dân dụng khác
NSN___Công ty Cổ phần Xây dựng 565___5400103880___181___4100___Xây dựng nhà các loại
PXT___Công ty Cổ phần Xây lắp Đường ống Bể chứa Dầu khí___3500833615___181___4299___Xây dựng công trình kỹ thuật dân dụng khác
SBA___Công ty Cổ phần Sông Ba___0400439955___274___3511___Sản xuất điện
KSC___Công ty Cổ phần Muối Khánh Hòa___4200476869___218___1079___Sản xuất thực phẩm khác chưa được phân vào đâu
PXS___Công ty Cổ phần Kết cấu Kim loại và Lắp máy Dầu khí___3500834094___181___4659___Bán buôn máy móc, thiết bị và phụ tùng máy khác
DTL___Công ty Cổ phần Đại Thiên Lộc___3700381282___159___2591___Rèn, dập, ép và cán kim loại; luyện bột kim loại
VNX___Công ty Cổ phần Quảng cáo và Hội chợ Thương mại Vinexad___0100108007___255___8230___Tổ chức giới thiệu và xúc tiến thương mại
GDW___Công ty Cổ phần Cấp nước Gia Định___0304806225___277___3600___Khai thác, xử lý và cung cấp nước
HPT___Công ty Cổ phần Dịch vụ Công nghệ Tin học HPT___0301447426___310___6209___Hoạt động dịch vụ công nghệ thông tin và dịch vụ khác liên quan đến máy vi tính
VXB___Công ty Cổ phần Vật liệu xây dựng Bến Tre___1300108704___180___4663___Bán buôn vật liệu, thiết bị lắp đặt khác trong xây dựng
PVR___Công ty Cổ phần Đầu tư PVR Hà Nội___0500547376___336___0910___Hoạt động dịch vụ hỗ trợ khai thác dầu thô và khí tự nhiên
NNC___Công ty Cổ phần Đá Núi Nhỏ___3700762471___180___0810___Khai thác đá, cát, sỏi, đất sét
BCE___Công ty Cổ phần Xây dựng và Giao thông Bình Dương___3700408992___181___4210___Xây dựng công trình đường sắt và đường bộ
MIH___Công ty Cổ phần Casablanca Việt Nam___0700241917___166___2399___Sản xuất sản phẩm từ chất khoáng phi kim loại khác chưa được phân vào đâu
